{
	"info": {
		"_postman_id": "da210621-7e60-4aed-be6c-414c6bec066a",
		"name": "we work",
		"schema": "https://schema.getpostman.com/json/collection/v2.1.0/collection.json",
		"_exporter_id": "17948569"
	},
	"item": [
		{
			"name": "authentication",
			"item": [
				{
					"name": "login",
					"request": {
						"method": "POST",
						"header": [],
						"body": {
							"mode": "raw",
							"raw": "{\r\n    \"email\": \"eslam3@gmail.com\",\r\n    \"password\": \"123456789\"\r\n}",
							"options": {
								"raw": {
									"language": "json"
								}
							}
						},
						"url": {
							"raw": "https://backend-elbanna.we-work.pro/api/admin/login",
							"protocol": "https",
							"host": [
								"backend-elbanna",
								"we-work",
								"pro"
							],
							"path": [
								"api",
								"admin",
								"login"
							]
						}
					},
					"response": []
				},
				{
					"name": "update admin",
					"request": {
						"method": "PUT",
						"header": [
							{
								"key": "Authorization",
								"value": "Bearer 1|1pe2EQZsapvo5Yn2kz7dndXupyl01uoCi3Tax3uG",
								"type": "text"
							}
						],
						"body": {
							"mode": "raw",
							"raw": "{\r\n    \"name\": \"eslam 3\",\r\n    \"email\": \"eslam4@gmail.com\"\r\n}",
							"options": {
								"raw": {
									"language": "json"
								}
							}
						},
						"url": {
							"raw": "https://backend-elbanna.we-work.pro/api/admin/auth/update-admin/1",
							"protocol": "https",
							"host": [
								"backend-elbanna",
								"we-work",
								"pro"
							],
							"path": [
								"api",
								"admin",
								"auth",
								"update-admin",
								"1"
							]
						}
					},
					"response": []
				},
				{
					"name": "delete admin",
					"request": {
						"method": "DELETE",
						"header": [
							{
								"key": "Authorization",
								"value": "Bearer 1|1pe2EQZsapvo5Yn2kz7dndXupyl01uoCi3Tax3uG",
								"type": "text"
							}
						],
						"url": {
							"raw": "https://backend-elbanna.we-work.pro/api/admin/auth/delete-admin/1",
							"protocol": "https",
							"host": [
								"backend-elbanna",
								"we-work",
								"pro"
							],
							"path": [
								"api",
								"admin",
								"auth",
								"delete-admin",
								"1"
							]
						}
					},
					"response": []
				},
				{
					"name": "get all admins",
					"request": {
						"method": "GET",
						"header": [
							{
								"key": "Authorization",
								"value": "Bearer LjG988NZn4mKfXOY24P8NIsDKCBBbuioAh8tvzau",
								"type": "text"
							}
						],
						"url": {
							"raw": "localhost:8000/api/admin/auth/admins",
							"host": [
								"localhost"
							],
							"port": "8000",
							"path": [
								"api",
								"admin",
								"auth",
								"admins"
							]
						}
					},
					"response": []
				},
				{
					"name": "create admin",
					"request": {
						"method": "POST",
						"header": [],
						"body": {
							"mode": "formdata",
							"formdata": [
								{
									"key": "name",
									"value": "eslam elbanna",
									"type": "text"
								},
								{
									"key": "email",
									"value": "eslam4@gmail.com",
									"type": "text"
								},
								{
									"key": "password",
									"value": "123456789",
									"type": "text"
								},
								{
									"key": "photo",
									"type": "file",
									"src": "/E:/a.jpg"
								}
							]
						},
						"url": {
							"raw": "localhost:8000/api/admin/auth/create-admin",
							"host": [
								"localhost"
							],
							"port": "8000",
							"path": [
								"api",
								"admin",
								"auth",
								"create-admin"
							]
						}
					},
					"response": []
				}
			]
		},
		{
			"name": "Clients",
			"item": [
				{
					"name": "dashboard",
					"item": [
						{
							"name": "add client",
							"request": {
								"method": "POST",
								"header": [
									{
										"key": "Authorization",
										"value": "Bearer 1|gyvRnqh8xNiSjuNWGqujggtz6s6Ehg2B4Ods9xqw",
										"type": "text"
									}
								],
								"body": {
									"mode": "formdata",
									"formdata": [
										{
											"key": "photo",
											"type": "file",
											"src": "/E:/Render Me 1-1.m4v"
										}
									]
								},
								"url": {
									"raw": "https://backend-elbanna.we-work.pro/api/admin/auth/add-client",
									"protocol": "https",
									"host": [
										"backend-elbanna",
										"we-work",
										"pro"
									],
									"path": [
										"api",
										"admin",
										"auth",
										"add-client"
									]
								}
							},
							"response": []
						},
						{
							"name": "delete client",
							"request": {
								"method": "DELETE",
								"header": [
									{
										"key": "Authorization",
										"value": "Bearer 1|jqRKlzSfwXtcHa9d4K2W7fH3P8fAbw8wEsM8wkpZ",
										"type": "text"
									}
								],
								"url": {
									"raw": "localhost:8000/api/admin/auth/delete-client/3",
									"host": [
										"localhost"
									],
									"port": "8000",
									"path": [
										"api",
										"admin",
										"auth",
										"delete-client",
										"3"
									]
								}
							},
							"response": []
						}
					]
				},
				{
					"name": "get all clients",
					"request": {
						"method": "GET",
						"header": [],
						"url": {
							"raw": "localhost:8000/api/user/get-all-clients",
							"host": [
								"localhost"
							],
							"port": "8000",
							"path": [
								"api",
								"user",
								"get-all-clients"
							]
						}
					},
					"response": []
				}
			]
		},
		{
			"name": "teams",
			"item": [
				{
					"name": "dashboard",
					"item": [
						{
							"name": "add new team memeber",
							"request": {
								"method": "POST",
								"header": [
									{
										"key": "Authorization",
										"value": "Bearer 1|jqRKlzSfwXtcHa9d4K2W7fH3P8fAbw8wEsM8wkpZ",
										"type": "text"
									}
								],
								"body": {
									"mode": "formdata",
									"formdata": [
										{
											"key": "name_en",
											"value": "eslam ahmed elbanna",
											"type": "text"
										},
										{
											"key": "name_ar",
											"value": "اسلام البنا",
											"type": "text"
										},
										{
											"key": "photo",
											"type": "file",
											"src": "/E:/WhatsApp Image 2021-09-25 at 1.33.08 AM.jpeg"
										},
										{
											"key": "job_title_en",
											"value": "software engineer",
											"type": "text"
										},
										{
											"key": "job_title_ar",
											"value": "مهندس برمجيات",
											"type": "text"
										},
										{
											"key": "job_description_en",
											"value": "laravel dev",
											"type": "text"
										},
										{
											"key": "job_description_ar",
											"value": "لارفيل ديفلوبر",
											"type": "text"
										}
									]
								},
								"url": {
									"raw": "localhost:8000/api/admin/auth/add-team-member",
									"host": [
										"localhost"
									],
									"port": "8000",
									"path": [
										"api",
										"admin",
										"auth",
										"add-team-member"
									]
								}
							},
							"response": []
						},
						{
							"name": "update team memeber",
							"request": {
								"method": "POST",
								"header": [
									{
										"key": "Authorization",
										"value": "Bearer 1|1pe2EQZsapvo5Yn2kz7dndXupyl01uoCi3Tax3uG",
										"type": "text"
									}
								],
								"body": {
									"mode": "formdata",
									"formdata": [
										{
											"key": "name_en",
											"value": "eslam 888",
											"type": "text"
										},
										{
											"key": "name_ar",
											"value": "اسلام",
											"type": "text"
										},
										{
											"key": "photo",
											"type": "file",
											"src": "/E:/WhatsApp Image 2021-09-25 at 1.33.08 AM.jpeg"
										},
										{
											"key": "job_title_en",
											"value": "rrrrrr",
											"type": "text"
										},
										{
											"key": "job_title_ar",
											"value": "تيست",
											"type": "text"
										},
										{
											"key": "job_description_en",
											"value": "kkkkkkkk",
											"type": "text"
										},
										{
											"key": "job_description_ar",
											"value": "ممممممممم",
											"type": "text"
										}
									]
								},
								"url": {
									"raw": "https://backend-elbanna.we-work.pro/api/admin/auth/update-team-member/2",
									"protocol": "https",
									"host": [
										"backend-elbanna",
										"we-work",
										"pro"
									],
									"path": [
										"api",
										"admin",
										"auth",
										"update-team-member",
										"2"
									]
								}
							},
							"response": []
						},
						{
							"name": "delete team member",
							"request": {
								"method": "DELETE",
								"header": [
									{
										"key": "Authorization",
										"value": "Bearer 1|1pe2EQZsapvo5Yn2kz7dndXupyl01uoCi3Tax3uG",
										"type": "text"
									}
								],
								"url": {
									"raw": "https://backend-elbanna.we-work.pro/api/admin/auth/delete-team-member/2",
									"protocol": "https",
									"host": [
										"backend-elbanna",
										"we-work",
										"pro"
									],
									"path": [
										"api",
										"admin",
										"auth",
										"delete-team-member",
										"2"
									]
								}
							},
							"response": []
						},
						{
							"name": "get team member",
							"request": {
								"method": "GET",
								"header": [
									{
										"key": "Authorization",
										"value": "Bearer 1|jqRKlzSfwXtcHa9d4K2W7fH3P8fAbw8wEsM8wkpZ",
										"type": "text"
									}
								],
								"url": {
									"raw": "localhost:8000/api/admin/auth/get-team-member/2",
									"host": [
										"localhost"
									],
									"port": "8000",
									"path": [
										"api",
										"admin",
										"auth",
										"get-team-member",
										"2"
									]
								}
							},
							"response": []
						}
					]
				},
				{
					"name": "get teams",
					"request": {
						"method": "GET",
						"header": [],
						"url": {
							"raw": "localhost:8000/api/user/get-teams",
							"host": [
								"localhost"
							],
							"port": "8000",
							"path": [
								"api",
								"user",
								"get-teams"
							]
						}
					},
					"response": []
				}
			]
		},
		{
			"name": "join us",
			"item": [
				{
					"name": "dashboard",
					"item": [
						{
							"name": "get all join us",
							"request": {
								"method": "GET",
								"header": [
									{
										"key": "Authorization",
										"value": "Bearer 2|mZtVeQBfdn6pBqi2iWJuUoxheGKMnQ2K3oOponT9",
										"type": "text"
									}
								],
								"url": {
									"raw": "https://backend-elbanna.we-work.pro/api/admin/auth/get-all-join-us",
									"protocol": "https",
									"host": [
										"backend-elbanna",
										"we-work",
										"pro"
									],
									"path": [
										"api",
										"admin",
										"auth",
										"get-all-join-us"
									]
								}
							},
							"response": []
						},
						{
							"name": "delete",
							"request": {
								"method": "DELETE",
								"header": [
									{
										"key": "Authorization",
										"value": "Bearer 1|DwlVeQmf6jH2DKTK6WbXmwE3vjGtP83FQqtfBJqg",
										"type": "text"
									}
								],
								"url": {
									"raw": "https://backend-elbanna.we-work.pro/api/admin/auth/delete-join-us/1",
									"protocol": "https",
									"host": [
										"backend-elbanna",
										"we-work",
										"pro"
									],
									"path": [
										"api",
										"admin",
										"auth",
										"delete-join-us",
										"1"
									]
								}
							},
							"response": []
						},
						{
							"name": "get join us",
							"request": {
								"method": "GET",
								"header": [
									{
										"key": "Authorization",
										"value": "Bearer 1|BUsL8IZ3vXOVbdKRu6BJDraj4t2Ybb333bKeQLs0",
										"type": "text"
									}
								],
								"url": {
									"raw": "localhost:8000/api/admin/auth/get-join-us/4",
									"host": [
										"localhost"
									],
									"port": "8000",
									"path": [
										"api",
										"admin",
										"auth",
										"get-join-us",
										"4"
									]
								}
							},
							"response": []
						},
						{
							"name": "download resume",
							"request": {
								"method": "GET",
								"header": [
									{
										"key": "Authorization",
										"value": "Bearer 1|BUsL8IZ3vXOVbdKRu6BJDraj4t2Ybb333bKeQLs0",
										"type": "text"
									}
								],
								"url": {
									"raw": "localhost:8000/api/admin/auth/download-resume/1",
									"host": [
										"localhost"
									],
									"port": "8000",
									"path": [
										"api",
										"admin",
										"auth",
										"download-resume",
										"1"
									]
								}
							},
							"response": []
						}
					]
				},
				{
					"name": "insert join us",
					"request": {
						"method": "POST",
						"header": [],
						"body": {
							"mode": "formdata",
							"formdata": [
								{
									"key": "name",
									"value": "eslam elbanna",
									"type": "text"
								},
								{
									"key": "email",
									"value": "eslamelbanna02@gmail.com",
									"type": "text"
								},
								{
									"key": "phone",
									"value": "0123456789",
									"type": "text"
								},
								{
									"key": "job_title",
									"value": "larvel developer",
									"type": "text"
								},
								{
									"key": "resume",
									"type": "file",
									"src": "/E:/eslam elbanna old.pdf"
								},
								{
									"key": "job_description",
									"value": "back-end software engineer",
									"type": "text"
								},
								{
									"key": "address",
									"value": "tanta",
									"type": "text"
								}
							]
						},
						"url": {
							"raw": "localhost:8000/api/user/join-us",
							"host": [
								"localhost"
							],
							"port": "8000",
							"path": [
								"api",
								"user",
								"join-us"
							]
						}
					},
					"response": []
				}
			]
		},
		{
			"name": "projects",
			"item": [
				{
					"name": "dashboard",
					"item": [
						{
							"name": "creare main category",
							"request": {
								"method": "POST",
								"header": [],
								"body": {
									"mode": "raw",
									"raw": "{\r\n    \"category_name_en\": \"test\",\r\n    \"category_name_ar\": \"تيست\"\r\n}",
									"options": {
										"raw": {
											"language": "json"
										}
									}
								},
								"url": {
									"raw": "localhost:8000/api/admin/auth/creare-main-category",
									"host": [
										"localhost"
									],
									"port": "8000",
									"path": [
										"api",
										"admin",
										"auth",
										"creare-main-category"
									]
								}
							},
							"response": []
						},
						{
							"name": "creare sub category",
							"request": {
								"method": "POST",
								"header": [],
								"body": {
									"mode": "formdata",
									"formdata": [
										{
											"key": "category_id",
											"value": "2",
											"type": "text"
										},
										{
											"key": "sub_category_name_en",
											"value": "website",
											"type": "text"
										},
										{
											"key": "sub_category_name_ar",
											"value": "موقع",
											"type": "text"
										},
										{
											"key": "title1_ar",
											"value": "تطبيقات الهاتف الجوال",
											"type": "text"
										},
										{
											"key": "title1_en",
											"value": "Mobile applications",
											"type": "text"
										},
										{
											"key": "title2_ar",
											"value": " سنوات من\nصناعة تطبيقات الهاتف الجوال",
											"type": "text"
										},
										{
											"key": "title2_en",
											"value": "4 years of\nCreate Mobile applications",
											"type": "text"
										},
										{
											"key": "description1_ar",
											"value": " نحن مزيج يعمل بشكل مثالي من مزود ذي خبرة ، مع ما يقرب من 1000 متخصص على متن الطائرة ، وبدء تشغيل متحمس.\nيساعدنا هذا ، جنبًا إلى جنب مع طريقتنا الفريدة في العمل مع العملاء ، في بناء شراكات طويلة الأمد وإنشاء حلول برمجية مذهلة تلبي احتياجات الأعمال والمستخدمين. ",
											"type": "text"
										},
										{
											"key": "description2_en",
											"value": " We are a perfectly working hybrid of an experienced provider, with almost 1000 specialists on board, and an enthusiastic start-up.\nThis, together with our unique way of working with clients, helps us build long-lasting partnerships and create amazing software solutions that satisfy business’ and users’ needs. ",
											"type": "text"
										},
										{
											"key": "main_photo",
											"type": "file",
											"src": "/E:/a.jpg"
										},
										{
											"key": "photo1",
											"type": "file",
											"src": "/E:/a.jpg"
										},
										{
											"key": "photo2",
											"type": "file",
											"src": "/E:/a.jpg"
										},
										{
											"key": "photo3",
											"type": "file",
											"src": "/E:/a.jpg"
										},
										{
											"key": "photo4",
											"type": "file",
											"src": "/E:/a.jpg"
										},
										{
											"key": "photo5",
											"type": "file",
											"src": "/E:/a.jpg"
										}
									]
								},
								"url": {
									"raw": "localhost:8000/api/admin/auth/creare-sub-category",
									"host": [
										"localhost"
									],
									"port": "8000",
									"path": [
										"api",
										"admin",
										"auth",
										"creare-sub-category"
									]
								}
							},
							"response": []
						}
					],
					"auth": {
						"type": "bearer",
						"bearer": [
							{
								"key": "token",
								"value": "LjG988NZn4mKfXOY24P8NIsDKCBBbuioAh8tvzau",
								"type": "string"
							}
						]
					},
					"event": [
						{
							"listen": "prerequest",
							"script": {
								"type": "text/javascript",
								"exec": [
									""
								]
							}
						},
						{
							"listen": "test",
							"script": {
								"type": "text/javascript",
								"exec": [
									""
								]
							}
						}
					]
				},
				{
					"name": "get project main categories",
					"request": {
						"method": "GET",
						"header": [],
						"url": {
							"raw": "localhost:8000/api/user/get-main-categories",
							"host": [
								"localhost"
							],
							"port": "8000",
							"path": [
								"api",
								"user",
								"get-main-categories"
							]
						}
					},
					"response": []
				},
				{
					"name": "get all sub categories",
					"request": {
						"method": "GET",
						"header": [],
						"url": {
							"raw": "localhost:8000/api/user/get-all-sub-categories",
							"host": [
								"localhost"
							],
							"port": "8000",
							"path": [
								"api",
								"user",
								"get-all-sub-categories"
							]
						}
					},
					"response": []
				},
				{
					"name": "get sub categories",
					"request": {
						"method": "GET",
						"header": [],
						"url": {
							"raw": "localhost:8000/api/user/get-sub-categories/2",
							"host": [
								"localhost"
							],
							"port": "8000",
							"path": [
								"api",
								"user",
								"get-sub-categories",
								"2"
							]
						}
					},
					"response": []
				},
				{
					"name": "get projects",
					"request": {
						"method": "GET",
						"header": [],
						"url": {
							"raw": "localhost:8000/api/user/get-projects/10",
							"host": [
								"localhost"
							],
							"port": "8000",
							"path": [
								"api",
								"user",
								"get-projects",
								"10"
							]
						}
					},
					"response": []
				},
				{
					"name": "get project",
					"request": {
						"method": "GET",
						"header": [],
						"url": {
							"raw": "localhost:8000/api/user/get-project/20",
							"host": [
								"localhost"
							],
							"port": "8000",
							"path": [
								"api",
								"user",
								"get-project",
								"20"
							]
						}
					},
					"response": []
				}
			]
		},
		{
			"name": "contact us",
			"item": [
				{
					"name": "dashboard",
					"item": [
						{
							"name": "get all contact us",
							"request": {
								"method": "GET",
								"header": [
									{
										"key": "Authorization",
										"value": "Bearer 1|jqRKlzSfwXtcHa9d4K2W7fH3P8fAbw8wEsM8wkpZ",
										"type": "text"
									}
								],
								"url": {
									"raw": "localhost:8000/api/admin/auth/get-all-contact-us",
									"host": [
										"localhost"
									],
									"port": "8000",
									"path": [
										"api",
										"admin",
										"auth",
										"get-all-contact-us"
									]
								}
							},
							"response": []
						},
						{
							"name": "get contact us",
							"request": {
								"method": "GET",
								"header": [
									{
										"key": "Authorization",
										"value": "Bearer 1|jqRKlzSfwXtcHa9d4K2W7fH3P8fAbw8wEsM8wkpZ",
										"type": "text"
									}
								],
								"url": {
									"raw": "localhost:8000/api/admin/auth/get-contact-us/2",
									"host": [
										"localhost"
									],
									"port": "8000",
									"path": [
										"api",
										"admin",
										"auth",
										"get-contact-us",
										"2"
									]
								}
							},
							"response": []
						},
						{
							"name": "delete contact us",
							"request": {
								"method": "DELETE",
								"header": [
									{
										"key": "Authorization",
										"value": "Bearer 1|jqRKlzSfwXtcHa9d4K2W7fH3P8fAbw8wEsM8wkpZ",
										"type": "text"
									}
								],
								"url": {
									"raw": "localhost:8000/api/admin/auth/delete-contact-us/2",
									"host": [
										"localhost"
									],
									"port": "8000",
									"path": [
										"api",
										"admin",
										"auth",
										"delete-contact-us",
										"2"
									]
								}
							},
							"response": []
						}
					]
				},
				{
					"name": "get contact info",
					"request": {
						"method": "GET",
						"header": [],
						"url": {
							"raw": "https://backend-elbanna.we-work.pro/api/user/get-contact-info",
							"protocol": "https",
							"host": [
								"backend-elbanna",
								"we-work",
								"pro"
							],
							"path": [
								"api",
								"user",
								"get-contact-info"
							]
						}
					},
					"response": []
				},
				{
					"name": "contact us",
					"request": {
						"method": "POST",
						"header": [],
						"body": {
							"mode": "raw",
							"raw": "{\r\n    \"name\": \"eslam\",\r\n    \"email\": \"email@gmail.com\",\r\n    \"phone\": \"0123\",\r\n    \"title\": \"هاااام\",\r\n    \"msg\": \"test test test test test test\"\r\n}",
							"options": {
								"raw": {
									"language": "json"
								}
							}
						},
						"url": {
							"raw": "localhost:8000/api/user/contact-us",
							"host": [
								"localhost"
							],
							"port": "8000",
							"path": [
								"api",
								"user",
								"contact-us"
							]
						}
					},
					"response": []
				}
			]
		},
		{
			"name": "slider",
			"item": [
				{
					"name": "get sliders",
					"request": {
						"method": "GET",
						"header": [],
						"url": {
							"raw": "https://backend-elbanna.we-work.pro/api/user/get-sliders",
							"protocol": "https",
							"host": [
								"backend-elbanna",
								"we-work",
								"pro"
							],
							"path": [
								"api",
								"user",
								"get-sliders"
							]
						}
					},
					"response": []
				},
				{
					"name": "dummy data",
					"request": {
						"method": "GET",
						"header": [],
						"url": {
							"raw": "https://backend-elbanna.we-work.pro/api/user/dummy-sliders",
							"protocol": "https",
							"host": [
								"backend-elbanna",
								"we-work",
								"pro"
							],
							"path": [
								"api",
								"user",
								"dummy-sliders"
							]
						}
					},
					"response": []
				}
			]
		},
		{
			"name": "social media",
			"item": [
				{
					"name": "dummy data",
					"request": {
						"method": "GET",
						"header": [],
						"url": {
							"raw": "https://backend-elbanna.we-work.pro/api/user/dummy-social",
							"protocol": "https",
							"host": [
								"backend-elbanna",
								"we-work",
								"pro"
							],
							"path": [
								"api",
								"user",
								"dummy-social"
							]
						}
					},
					"response": []
				},
				{
					"name": "get-social-info",
					"request": {
						"method": "GET",
						"header": [],
						"url": {
							"raw": "https://backend-elbanna.we-work.pro/api/user/get-social-info",
							"protocol": "https",
							"host": [
								"backend-elbanna",
								"we-work",
								"pro"
							],
							"path": [
								"api",
								"user",
								"get-social-info"
							]
						}
					},
					"response": []
				}
			]
		},
		{
			"name": "request project",
			"item": [
				{
					"name": "dashboard",
					"item": [
						{
							"name": "get all request projects",
							"request": {
								"method": "GET",
								"header": [
									{
										"key": "Authorization",
										"value": "Bearer 1|5EQYAWnX7o07EiY8uprJK3cJDrR5qawr2Pz1o48j",
										"type": "text"
									}
								],
								"url": {
									"raw": "localhost:8000/api/admin/auth/get-all-request-projects",
									"host": [
										"localhost"
									],
									"port": "8000",
									"path": [
										"api",
										"admin",
										"auth",
										"get-all-request-projects"
									]
								}
							},
							"response": []
						},
						{
							"name": "get request projects",
							"request": {
								"method": "GET",
								"header": [
									{
										"key": "Authorization",
										"value": "Bearer 1|5EQYAWnX7o07EiY8uprJK3cJDrR5qawr2Pz1o48j",
										"type": "text"
									}
								],
								"url": {
									"raw": "localhost:8000/api/admin/auth/get-request-project/5",
									"host": [
										"localhost"
									],
									"port": "8000",
									"path": [
										"api",
										"admin",
										"auth",
										"get-request-project",
										"5"
									]
								}
							},
							"response": []
						},
						{
							"name": "delete request projects",
							"request": {
								"method": "DELETE",
								"header": [
									{
										"key": "Authorization",
										"value": "Bearer 1|5EQYAWnX7o07EiY8uprJK3cJDrR5qawr2Pz1o48j",
										"type": "text"
									}
								],
								"url": {
									"raw": "localhost:8000/api/admin/auth/delete-request-project/5",
									"host": [
										"localhost"
									],
									"port": "8000",
									"path": [
										"api",
										"admin",
										"auth",
										"delete-request-project",
										"5"
									]
								}
							},
							"response": []
						}
					]
				},
				{
					"name": "insert request project",
					"request": {
						"method": "POST",
						"header": [],
						"body": {
							"mode": "raw",
							"raw": "{\r\n    \"name\": \"ahmed mohamed\",\r\n    \"email\": \"ahmed@gmail.com\",\r\n    \"phone\": \"0123\",\r\n    \"company_name\": \"we work\",\r\n    \"company_email\": \"we-work@gmail.com\",\r\n    \"project_description\": \"test test test\"\r\n}",
							"options": {
								"raw": {
									"language": "json"
								}
							}
						},
						"url": {
							"raw": "localhost:8000/api/user/insert-request-project",
							"host": [
								"localhost"
							],
							"port": "8000",
							"path": [
								"api",
								"user",
								"insert-request-project"
							]
						}
					},
					"response": []
				}
			]
		},
		{
			"name": "testttttt",
			"request": {
				"method": "POST",
				"header": [],
				"body": {
					"mode": "formdata",
					"formdata": [
						{
							"key": "name",
							"value": "eslam elbanna",
							"type": "text"
						},
						{
							"key": "email",
							"value": "eslam4@gmail.com",
							"type": "text"
						},
						{
							"key": "password",
							"value": "123456789",
							"type": "text"
						},
						{
							"key": "photo",
							"type": "file",
							"src": "/E:/a.jpg"
						}
					]
				},
				"url": {
					"raw": "localhost:8000/api/create-admin",
					"host": [
						"localhost"
					],
					"port": "8000",
					"path": [
						"api",
						"create-admin"
					]
				}
			},
			"response": []
		}
	]
}