{
	"info": {
		"_postman_id": "da210621-7e60-4aed-be6c-414c6bec066a",
		"name": "we work",
		"schema": "https://schema.getpostman.com/json/collection/v2.1.0/collection.json",
		"_exporter_id": "17948569"
	},
	"item": [
		{
			"name": "authentication",
			"item": [
				{
					"name": "create admin",
					"request": {
						"method": "POST",
						"header": [
							{
								"key": "Authorization",
								"value": "Bearer 1|lJmlwmZ0F1waQjvfZwoGoMubRxROAMUfRnjtCyEe",
								"type": "text",
								"disabled": true
							}
						],
						"body": {
							"mode": "formdata",
							"formdata": []
						},
						"url": {
							"raw": "https://backend-elbanna.we-work.pro/api/admin/auth/create-admin",
							"protocol": "https",
							"host": [
								"backend-elbanna",
								"we-work",
								"pro"
							],
							"path": [
								"api",
								"admin",
								"auth",
								"create-admin"
							]
						}
					},
					"response": []
				},
				{
					"name": "login",
					"request": {
						"method": "POST",
						"header": [],
						"body": {
							"mode": "raw",
							"raw": "{\r\n    \"email\": \"eslam2@gmail.com\",\r\n    \"password\": \"123\"\r\n}",
							"options": {
								"raw": {
									"language": "json"
								}
							}
						},
						"url": {
							"raw": "localhost:8000/api/admin/login",
							"host": [
								"localhost"
							],
							"port": "8000",
							"path": [
								"api",
								"admin",
								"login"
							]
						}
					},
					"response": []
				},
				{
					"name": "update admin",
					"request": {
						"method": "PUT",
						"header": [
							{
								"key": "Authorization",
								"value": "Bearer 1|1pe2EQZsapvo5Yn2kz7dndXupyl01uoCi3Tax3uG",
								"type": "text"
							}
						],
						"body": {
							"mode": "raw",
							"raw": "{\r\n    \"name\": \"eslam 3\",\r\n    \"email\": \"eslam4@gmail.com\"\r\n}",
							"options": {
								"raw": {
									"language": "json"
								}
							}
						},
						"url": {
							"raw": "https://backend-elbanna.we-work.pro/api/admin/auth/update-admin/1",
							"protocol": "https",
							"host": [
								"backend-elbanna",
								"we-work",
								"pro"
							],
							"path": [
								"api",
								"admin",
								"auth",
								"update-admin",
								"1"
							]
						}
					},
					"response": []
				},
				{
					"name": "delete admin",
					"request": {
						"method": "DELETE",
						"header": [
							{
								"key": "Authorization",
								"value": "Bearer 1|1pe2EQZsapvo5Yn2kz7dndXupyl01uoCi3Tax3uG",
								"type": "text"
							}
						],
						"url": {
							"raw": "https://backend-elbanna.we-work.pro/api/admin/auth/delete-admin/1",
							"protocol": "https",
							"host": [
								"backend-elbanna",
								"we-work",
								"pro"
							],
							"path": [
								"api",
								"admin",
								"auth",
								"delete-admin",
								"1"
							]
						}
					},
					"response": []
				}
			]
		},
		{
			"name": "Clients",
			"item": [
				{
					"name": "add client",
					"request": {
						"method": "POST",
						"header": [
							{
								"key": "Authorization",
								"value": "Bearer 2|dh65OecSOIBIiwNAZfxRzThiI6IwQvtNEcR2DelP",
								"type": "text"
							}
						],
						"body": {
							"mode": "formdata",
							"formdata": [
								{
									"key": "photo",
									"type": "file",
									"src": "/E:/Render Me 1-1.m4v"
								}
							]
						},
						"url": {
							"raw": "localhost:8000/api/admin/auth/add-client",
							"host": [
								"localhost"
							],
							"port": "8000",
							"path": [
								"api",
								"admin",
								"auth",
								"add-client"
							]
						}
					},
					"response": []
				},
				{
					"name": "get clients",
					"request": {
						"method": "GET",
						"header": [],
						"url": {
							"raw": "localhost:8000/api/user/get-clients",
							"host": [
								"localhost"
							],
							"port": "8000",
							"path": [
								"api",
								"user",
								"get-clients"
							]
						}
					},
					"response": []
				},
				{
					"name": "update client",
					"request": {
						"method": "POST",
						"header": [
							{
								"key": "Authorization",
								"value": "Bearer 1|1pe2EQZsapvo5Yn2kz7dndXupyl01uoCi3Tax3uG",
								"type": "text"
							}
						],
						"body": {
							"mode": "formdata",
							"formdata": [
								{
									"key": "photo",
									"type": "file",
									"src": "/E:/WhatsApp Image 2021-09-25 at 1.33.08 AM.jpeg"
								}
							]
						},
						"url": {
							"raw": "localhost:8000/api/admin/auth/update-client/1",
							"host": [
								"localhost"
							],
							"port": "8000",
							"path": [
								"api",
								"admin",
								"auth",
								"update-client",
								"1"
							]
						}
					},
					"response": []
				},
				{
					"name": "delete client",
					"request": {
						"method": "DELETE",
						"header": [
							{
								"key": "Authorization",
								"value": "Bearer 1|1pe2EQZsapvo5Yn2kz7dndXupyl01uoCi3Tax3uG",
								"type": "text"
							}
						],
						"url": {
							"raw": "localhost:8000/api/admin/auth/delete-client/1",
							"host": [
								"localhost"
							],
							"port": "8000",
							"path": [
								"api",
								"admin",
								"auth",
								"delete-client",
								"1"
							]
						}
					},
					"response": []
				}
			]
		},
		{
			"name": "teams",
			"item": [
				{
					"name": "add new team memeber",
					"request": {
						"method": "POST",
						"header": [
							{
								"key": "Authorization",
								"value": "Bearer 1|1pe2EQZsapvo5Yn2kz7dndXupyl01uoCi3Tax3uG",
								"type": "text"
							}
						],
						"body": {
							"mode": "formdata",
							"formdata": [
								{
									"key": "name_en",
									"value": "eslam ahmed elbanna",
									"type": "text"
								},
								{
									"key": "name_ar",
									"value": "اسلام البنا",
									"type": "text"
								},
								{
									"key": "photo",
									"type": "file",
									"src": "/E:/WhatsApp Image 2021-09-25 at 1.33.08 AM.jpeg"
								},
								{
									"key": "job_title_en",
									"value": "software engineer",
									"type": "text"
								},
								{
									"key": "job_title_ar",
									"value": "مهندس برمجيات",
									"type": "text"
								},
								{
									"key": "job_description_en",
									"value": "laravel dev",
									"type": "text"
								},
								{
									"key": "job_description_ar",
									"value": "لارفيل ديفلوبر",
									"type": "text"
								}
							]
						},
						"url": {
							"raw": "localhost:8000/api/admin/auth/add-team-member",
							"host": [
								"localhost"
							],
							"port": "8000",
							"path": [
								"api",
								"admin",
								"auth",
								"add-team-member"
							]
						}
					},
					"response": []
				},
				{
					"name": "get teams",
					"request": {
						"method": "GET",
						"header": [],
						"url": {
							"raw": "https://backend-elbanna.we-work.pro/api/user/get-teams",
							"protocol": "https",
							"host": [
								"backend-elbanna",
								"we-work",
								"pro"
							],
							"path": [
								"api",
								"user",
								"get-teams"
							]
						}
					},
					"response": []
				},
				{
					"name": "update team memeber",
					"request": {
						"method": "POST",
						"header": [
							{
								"key": "Authorization",
								"value": "Bearer 1|1pe2EQZsapvo5Yn2kz7dndXupyl01uoCi3Tax3uG",
								"type": "text"
							}
						],
						"body": {
							"mode": "formdata",
							"formdata": [
								{
									"key": "name_en",
									"value": "eslam 888",
									"type": "text"
								},
								{
									"key": "name_ar",
									"value": "اسلام",
									"type": "text"
								},
								{
									"key": "photo",
									"type": "file",
									"src": "/E:/WhatsApp Image 2021-09-25 at 1.33.08 AM.jpeg"
								},
								{
									"key": "job_title_en",
									"value": "rrrrrr",
									"type": "text"
								},
								{
									"key": "job_title_ar",
									"value": "تيست",
									"type": "text"
								},
								{
									"key": "job_description_en",
									"value": "kkkkkkkk",
									"type": "text"
								},
								{
									"key": "job_description_ar",
									"value": "ممممممممم",
									"type": "text"
								}
							]
						},
						"url": {
							"raw": "localhost:8000/api/admin/auth/update-team-member/2",
							"host": [
								"localhost"
							],
							"port": "8000",
							"path": [
								"api",
								"admin",
								"auth",
								"update-team-member",
								"2"
							]
						}
					},
					"response": []
				},
				{
					"name": "delete team member",
					"request": {
						"method": "DELETE",
						"header": [
							{
								"key": "Authorization",
								"value": "Bearer 1|1pe2EQZsapvo5Yn2kz7dndXupyl01uoCi3Tax3uG",
								"type": "text"
							}
						],
						"url": {
							"raw": "localhost:8000/api/admin/auth/delete-team-member/2",
							"host": [
								"localhost"
							],
							"port": "8000",
							"path": [
								"api",
								"admin",
								"auth",
								"delete-team-member",
								"2"
							]
						}
					},
					"response": []
				}
			]
		},
		{
			"name": "join us",
			"item": [
				{
					"name": "insert join us",
					"request": {
						"method": "POST",
						"header": [],
						"body": {
							"mode": "formdata",
							"formdata": [
								{
									"key": "name",
									"value": "eslam elbanna",
									"type": "text"
								},
								{
									"key": "email",
									"value": "eslamelbanna02@gmail.com",
									"type": "text"
								},
								{
									"key": "phone",
									"value": "0123456789",
									"type": "text"
								},
								{
									"key": "job_title",
									"value": "larvel developer",
									"type": "text"
								},
								{
									"key": "resume",
									"type": "file",
									"src": "/E:/eslam elbanna old.pdf"
								},
								{
									"key": "job_description",
									"value": "back-end software engineer",
									"type": "text"
								}
							]
						},
						"url": {
							"raw": "localhost:8000/api/user/join-us",
							"host": [
								"localhost"
							],
							"port": "8000",
							"path": [
								"api",
								"user",
								"join-us"
							]
						}
					},
					"response": []
				},
				{
					"name": "get all join us",
					"request": {
						"method": "GET",
						"header": [
							{
								"key": "Authorization",
								"value": "Bearer 2|mZtVeQBfdn6pBqi2iWJuUoxheGKMnQ2K3oOponT9",
								"type": "text"
							}
						],
						"url": {
							"raw": "https://backend-elbanna.we-work.pro/api/admin/auth/get-all-join-us",
							"protocol": "https",
							"host": [
								"backend-elbanna",
								"we-work",
								"pro"
							],
							"path": [
								"api",
								"admin",
								"auth",
								"get-all-join-us"
							]
						}
					},
					"response": []
				},
				{
					"name": "delete",
					"request": {
						"method": "DELETE",
						"header": [
							{
								"key": "Authorization",
								"value": "Bearer 1|DwlVeQmf6jH2DKTK6WbXmwE3vjGtP83FQqtfBJqg",
								"type": "text"
							}
						],
						"url": {
							"raw": "localhost:8000/api/admin/auth/delete-join-us/1",
							"host": [
								"localhost"
							],
							"port": "8000",
							"path": [
								"api",
								"admin",
								"auth",
								"delete-join-us",
								"1"
							]
						}
					},
					"response": []
				}
			]
		},
		{
			"name": "projects",
			"item": [
				{
					"name": "apps",
					"item": [
						{
							"name": "get all mobile application projects",
							"request": {
								"method": "GET",
								"header": [],
								"url": {
									"raw": "localhost:8000/api/user/get-mobile-projects",
									"host": [
										"localhost"
									],
									"port": "8000",
									"path": [
										"api",
										"user",
										"get-mobile-projects"
									]
								}
							},
							"response": []
						},
						{
							"name": "discover-more-apps",
							"request": {
								"method": "GET",
								"header": [],
								"url": {
									"raw": "localhost:8000/api/user/discover-more-apps",
									"host": [
										"localhost"
									],
									"port": "8000",
									"path": [
										"api",
										"user",
										"discover-more-apps"
									]
								}
							},
							"response": []
						},
						{
							"name": "get-app-info",
							"request": {
								"method": "GET",
								"header": [],
								"url": {
									"raw": "localhost:8000/api/user/get-app-info/10",
									"host": [
										"localhost"
									],
									"port": "8000",
									"path": [
										"api",
										"user",
										"get-app-info",
										"10"
									]
								}
							},
							"response": []
						}
					]
				},
				{
					"name": "websites",
					"item": [
						{
							"name": "get-website-projects",
							"request": {
								"method": "GET",
								"header": [],
								"url": {
									"raw": "localhost:8000/api/user/get-website-projects",
									"host": [
										"localhost"
									],
									"port": "8000",
									"path": [
										"api",
										"user",
										"get-website-projects"
									]
								}
							},
							"response": []
						},
						{
							"name": "get-website-info",
							"request": {
								"method": "GET",
								"header": [],
								"url": {
									"raw": "localhost:8000/api/user/get-website-info/6",
									"host": [
										"localhost"
									],
									"port": "8000",
									"path": [
										"api",
										"user",
										"get-website-info",
										"6"
									]
								}
							},
							"response": []
						}
					]
				},
				{
					"name": "ui/ux",
					"item": [
						{
							"name": "get all ui-ux projects",
							"request": {
								"method": "GET",
								"header": [],
								"url": {
									"raw": "localhost:8000/api/user/get-projects/type/ui-ux",
									"host": [
										"localhost"
									],
									"port": "8000",
									"path": [
										"api",
										"user",
										"get-projects",
										"type",
										"ui-ux"
									]
								}
							},
							"response": []
						},
						{
							"name": "get-ui-ux-info",
							"request": {
								"method": "GET",
								"header": [],
								"url": {
									"raw": "localhost:8000/api/user/get-project-info/type/ui-ux/15",
									"host": [
										"localhost"
									],
									"port": "8000",
									"path": [
										"api",
										"user",
										"get-project-info",
										"type",
										"ui-ux",
										"15"
									]
								}
							},
							"response": []
						}
					]
				},
				{
					"name": "interior design",
					"item": [
						{
							"name": "get all interior design projects",
							"request": {
								"method": "GET",
								"header": [],
								"url": {
									"raw": "localhost:8000/api/user/get-projects/type/interior-design",
									"host": [
										"localhost"
									],
									"port": "8000",
									"path": [
										"api",
										"user",
										"get-projects",
										"type",
										"interior-design"
									]
								}
							},
							"response": []
						},
						{
							"name": "get-interior design info",
							"request": {
								"method": "GET",
								"header": [],
								"url": {
									"raw": "localhost:8000/api/user/get-project-info/type/interior-design/15",
									"host": [
										"localhost"
									],
									"port": "8000",
									"path": [
										"api",
										"user",
										"get-project-info",
										"type",
										"interior-design",
										"15"
									]
								}
							},
							"response": []
						}
					]
				},
				{
					"name": "exterior design",
					"item": [
						{
							"name": "get all exterior design projects",
							"request": {
								"method": "GET",
								"header": [],
								"url": {
									"raw": "localhost:8000/api/user/get-projects/type/exterior-design",
									"host": [
										"localhost"
									],
									"port": "8000",
									"path": [
										"api",
										"user",
										"get-projects",
										"type",
										"exterior-design"
									]
								}
							},
							"response": []
						},
						{
							"name": "get-exterior design info",
							"request": {
								"method": "GET",
								"header": [],
								"url": {
									"raw": "localhost:8000/api/user/get-project-info/type/exterior-design/21",
									"host": [
										"localhost"
									],
									"port": "8000",
									"path": [
										"api",
										"user",
										"get-project-info",
										"type",
										"exterior-design",
										"21"
									]
								}
							},
							"response": []
						}
					]
				},
				{
					"name": "shop drawing",
					"item": [
						{
							"name": "get all shop drawing projects",
							"request": {
								"method": "GET",
								"header": [],
								"url": {
									"raw": "localhost:8000/api/user/get-projects/type/shop-drawing",
									"host": [
										"localhost"
									],
									"port": "8000",
									"path": [
										"api",
										"user",
										"get-projects",
										"type",
										"shop-drawing"
									]
								}
							},
							"response": []
						},
						{
							"name": "get-shop drawing info",
							"request": {
								"method": "GET",
								"header": [],
								"url": {
									"raw": "localhost:8000/api/user/get-project-info/type/shop-drawing/30",
									"host": [
										"localhost"
									],
									"port": "8000",
									"path": [
										"api",
										"user",
										"get-project-info",
										"type",
										"shop-drawing",
										"30"
									]
								}
							},
							"response": []
						}
					]
				},
				{
					"name": "photography",
					"item": [
						{
							"name": "get all photography projects",
							"request": {
								"method": "GET",
								"header": [],
								"url": {
									"raw": "localhost:8000/api/user/get-projects/type/photography",
									"host": [
										"localhost"
									],
									"port": "8000",
									"path": [
										"api",
										"user",
										"get-projects",
										"type",
										"photography"
									]
								}
							},
							"response": []
						},
						{
							"name": "get photography info",
							"request": {
								"method": "GET",
								"header": [],
								"url": {
									"raw": "localhost:8000/api/user/get-project-info/type/photography/32",
									"host": [
										"localhost"
									],
									"port": "8000",
									"path": [
										"api",
										"user",
										"get-project-info",
										"type",
										"photography",
										"32"
									]
								}
							},
							"response": []
						}
					]
				},
				{
					"name": "motion graphics",
					"item": [
						{
							"name": "get motion graphic projects",
							"request": {
								"method": "GET",
								"header": [],
								"url": {
									"raw": "localhost:8000/api/user/get-motion-graphic-projects",
									"host": [
										"localhost"
									],
									"port": "8000",
									"path": [
										"api",
										"user",
										"get-motion-graphic-projects"
									]
								}
							},
							"response": []
						},
						{
							"name": "get motion-graphic info",
							"request": {
								"method": "GET",
								"header": [],
								"url": {
									"raw": "localhost:8000/api/user/get-motion-graphic-info/36",
									"host": [
										"localhost"
									],
									"port": "8000",
									"path": [
										"api",
										"user",
										"get-motion-graphic-info",
										"36"
									]
								}
							},
							"response": []
						}
					]
				},
				{
					"name": "get all projects",
					"request": {
						"method": "GET",
						"header": [],
						"url": {
							"raw": "localhost:8000/api/user/projects",
							"host": [
								"localhost"
							],
							"port": "8000",
							"path": [
								"api",
								"user",
								"projects"
							]
						}
					},
					"response": []
				},
				{
					"name": "dummy data",
					"request": {
						"method": "GET",
						"header": [],
						"url": {
							"raw": "localhost:8000/api/user/dummy-data",
							"host": [
								"localhost"
							],
							"port": "8000",
							"path": [
								"api",
								"user",
								"dummy-data"
							]
						}
					},
					"response": []
				}
			]
		},
		{
			"name": "contact us",
			"item": [
				{
					"name": "get contact info",
					"request": {
						"method": "GET",
						"header": [],
						"url": {
							"raw": "localhost:8000/api/user/get-contact-info",
							"host": [
								"localhost"
							],
							"port": "8000",
							"path": [
								"api",
								"user",
								"get-contact-info"
							]
						}
					},
					"response": []
				},
				{
					"name": "contact us",
					"request": {
						"method": "POST",
						"header": [],
						"body": {
							"mode": "raw",
							"raw": "{\r\n    \"name\": \"eslam\",\r\n    \"email\": \"email@gmail.com\",\r\n    \"phone\": \"0123\",\r\n    \"identity_number\": \"14587963\",\r\n    \"type_of_contact\": \"إستفسار\",\r\n    \"title\": \"هاااام\",\r\n    \"msg\": \"test test test test test test\"\r\n}",
							"options": {
								"raw": {
									"language": "json"
								}
							}
						},
						"url": {
							"raw": "localhost:8000/api/user/contact-us",
							"host": [
								"localhost"
							],
							"port": "8000",
							"path": [
								"api",
								"user",
								"contact-us"
							]
						}
					},
					"response": []
				}
			]
		},
		{
			"name": "slider",
			"item": [
				{
					"name": "get sliders",
					"request": {
						"method": "GET",
						"header": [],
						"url": {
							"raw": "localhost:8000/api/user/get-sliders",
							"host": [
								"localhost"
							],
							"port": "8000",
							"path": [
								"api",
								"user",
								"get-sliders"
							]
						}
					},
					"response": []
				},
				{
					"name": "dummy data",
					"request": {
						"method": "GET",
						"header": [],
						"url": {
							"raw": "localhost:8000/api/user/dummy-sliders",
							"host": [
								"localhost"
							],
							"port": "8000",
							"path": [
								"api",
								"user",
								"dummy-sliders"
							]
						}
					},
					"response": []
				}
			]
		},
		{
			"name": "social media",
			"item": [
				{
					"name": "dummy data",
					"request": {
						"method": "GET",
						"header": [],
						"url": {
							"raw": "localhost:8000/api/user/dummy-social",
							"host": [
								"localhost"
							],
							"port": "8000",
							"path": [
								"api",
								"user",
								"dummy-social"
							]
						}
					},
					"response": []
				},
				{
					"name": "get-social-info",
					"request": {
						"method": "GET",
						"header": [],
						"url": {
							"raw": "localhost:8000/api/user/get-social-info",
							"host": [
								"localhost"
							],
							"port": "8000",
							"path": [
								"api",
								"user",
								"get-social-info"
							]
						}
					},
					"response": []
				}
			]
		},
		{
			"name": "testttttt",
			"request": {
				"method": "POST",
				"header": [],
				"body": {
					"mode": "formdata",
					"formdata": [
						{
							"key": "name",
							"value": "eslam elbanna",
							"type": "text"
						},
						{
							"key": "email",
							"value": "eslam2@gmail.com",
							"type": "text"
						},
						{
							"key": "password",
							"value": "123",
							"type": "text"
						},
						{
							"key": "photo",
							"type": "file",
							"src": "/E:/WhatsApp Image 2021-09-25 at 1.33.08 AM.jpeg"
						}
					]
				},
				"url": {
					"raw": "localhost:8000/api/create-admin",
					"host": [
						"localhost"
					],
					"port": "8000",
					"path": [
						"api",
						"create-admin"
					]
				}
			},
			"response": []
		}
	]
}